<?xml version="1.0" encoding="UTF-8" ?>
<!DOCTYPE mapper PUBLIC "-//mybatis.org//DTD Mapper 3.0//EN" "http://mybatis.org/dtd/mybatis-3-mapper.dtd">
<mapper namespace="com.example.mp_17.mapper.UserMapper">
    <!-- 更新camera,phone,stage -->
    <update id="updateTaskProcess" parameterType="com.example.mp_17.entity.Process">
        UPDATE taskProcess
        SET camera = #{camera}, phone = #{phone}, stage = #{stage}

    </update>

    <!-- 更新camera -->
    <update id="updateTaskProcessCamera"  parameterType="java.lang.String">
        UPDATE taskProcess
        SET camera = #{camera}
    </update>

    <!-- 更新phone -->
    <update id="updateTaskProcessPhone"  parameterType="java.lang.String">
        UPDATE taskProcess
        SET phone = #{phone}
    </update>

    <!-- 更新stage -->
    <update id="updateTaskProcessStage"  parameterType="java.lang.String">
        UPDATE taskProcess
        SET stage = #{stage}
    </update>
</mapper>
